{"cameraMode":{"drawMode":0,"name":"Shaded","section":"Shading Mode"},"sceneLighting":true,"audioPlay":false,"sceneViewState":{"m_AlwaysRefresh":false,"showFog":true,"showSkybox":true,"showFlares":true,"showImageEffects":true,"showParticleSystems":true,"showVisualEffectGraphs":true,"m_FxEnabled":true},"in2DMode":false,"pivot":{"x":-0.5728751420974731,"y":1.5118149518966675,"z":-36.016761779785159},"rotation":{"x":-0.15959952771663667,"y":0.6721923351287842,"z":-0.15169809758663178,"w":-0.7069442272186279},"size":2.821201801300049,"orthographic":true}